Date,LEVEL,City,City_date,month,year,Month_year,mean_daily_level
2019-09-01,0.5465,Rigaud,Rigaud_2019-09-01,September,2019,Sep-19,0.544758333
2019-09-02,0.5437,Rigaud,Rigaud_2019-09-02,September,2019,Sep-19,0.542366667
2019-09-03,0.5394,Rigaud,Rigaud_2019-09-03,September,2019,Sep-19,0.5391375
2019-09-04,0.542,Rigaud,Rigaud_2019-09-04,September,2019,Sep-19,0.538195833
2019-09-05,0.5329,Rigaud,Rigaud_2019-09-05,September,2019,Sep-19,0.532634783
2019-09-06,0.5308,Rigaud,Rigaud_2019-09-06,September,2019,Sep-19,0.530141667
2019-09-07,0.5282,Rigaud,Rigaud_2019-09-07,September,2019,Sep-19,0.525433333
2019-09-08,0.5207,Rigaud,Rigaud_2019-09-08,September,2019,Sep-19,0.515566667
2019-09-09,0.5107,Rigaud,Rigaud_2019-09-09,September,2019,Sep-19,0.507041667
2019-09-10,0.5035,Rigaud,Rigaud_2019-09-10,September,2019,Sep-19,0.50186087
2019-09-11,0.5008,Rigaud,Rigaud_2019-09-11,September,2019,Sep-19,0.496558333
2019-09-12,0.4932,Rigaud,Rigaud_2019-09-12,September,2019,Sep-19,0.489083333
2019-09-13,0.4843,Rigaud,Rigaud_2019-09-13,September,2019,Sep-19,0.483930435
2019-09-14,0.4832,Rigaud,Rigaud_2019-09-14,September,2019,Sep-19,0.480054167
2019-09-15,0.4773,Rigaud,Rigaud_2019-09-15,September,2019,Sep-19,0.474495833
2019-09-16,0.4724,Rigaud,Rigaud_2019-09-16,September,2019,Sep-19,0.469191667
2019-09-17,0.4655,Rigaud,Rigaud_2019-09-17,September,2019,Sep-19,0.462079167
2019-09-18,0.4584,Rigaud,Rigaud_2019-09-18,September,2019,Sep-19,0.454708333
2019-09-19,0.4512,Rigaud,Rigaud_2019-09-19,September,2019,Sep-19,0.448570833
2019-09-20,0.4456,Rigaud,Rigaud_2019-09-20,September,2019,Sep-19,0.442954167
2019-09-21,0.4389,Rigaud,Rigaud_2019-09-21,September,2019,Sep-19,0.436541667
2019-09-22,0.4345,Rigaud,Rigaud_2019-09-22,September,2019,Sep-19,0.43285
2019-09-23,0.4319,Rigaud,Rigaud_2019-09-23,September,2019,Sep-19,0.4289125
2019-09-24,0.426,Rigaud,Rigaud_2019-09-24,September,2019,Sep-19,0.423370833
2019-09-25,0.4199,Rigaud,Rigaud_2019-09-25,September,2019,Sep-19,0.418783333
2019-09-26,0.4162,Rigaud,Rigaud_2019-09-26,September,2019,Sep-19,0.414483333
2019-09-27,0.4105,Rigaud,Rigaud_2019-09-27,September,2019,Sep-19,0.409086957
2019-09-28,0.4073,Rigaud,Rigaud_2019-09-28,September,2019,Sep-19,0.405254167
2019-09-29,0.4009,Rigaud,Rigaud_2019-09-29,September,2019,Sep-19,0.400333333
2019-09-30,0.4,Rigaud,Rigaud_2019-09-30,September,2019,Sep-19,0.399878261
2019-09-01,3.2024,Saint-Lazare,Saint-Lazare_2019-09-01,September,2019,Sep-19,3.2033125
2019-09-02,3.2039,Saint-Lazare,Saint-Lazare_2019-09-02,September,2019,Sep-19,3.199141667
2019-09-03,3.192,Saint-Lazare,Saint-Lazare_2019-09-03,September,2019,Sep-19,3.194216667
2019-09-04,3.2034,Saint-Lazare,Saint-Lazare_2019-09-04,September,2019,Sep-19,3.190308333
2019-09-05,3.1833,Saint-Lazare,Saint-Lazare_2019-09-05,September,2019,Sep-19,3.182513043
2019-09-06,3.1822,Saint-Lazare,Saint-Lazare_2019-09-06,September,2019,Sep-19,3.180570833
2019-09-07,3.1795,Saint-Lazare,Saint-Lazare_2019-09-07,September,2019,Sep-19,3.176029167
2019-09-08,3.1695,Saint-Lazare,Saint-Lazare_2019-09-08,September,2019,Sep-19,3.164654167
2019-09-09,3.1616,Saint-Lazare,Saint-Lazare_2019-09-09,September,2019,Sep-19,3.159504762
2019-09-10,3.1594,Saint-Lazare,Saint-Lazare_2019-09-10,September,2019,Sep-19,3.159308333
2019-09-11,3.1581,Saint-Lazare,Saint-Lazare_2019-09-11,September,2019,Sep-19,3.153975
2019-09-12,3.1503,Saint-Lazare,Saint-Lazare_2019-09-12,September,2019,Sep-19,3.145683333
2019-09-13,3.143,Saint-Lazare,Saint-Lazare_2019-09-13,September,2019,Sep-19,3.144941667
2019-09-14,3.1445,Saint-Lazare,Saint-Lazare_2019-09-14,September,2019,Sep-19,3.141045833
2019-09-15,3.1363,Saint-Lazare,Saint-Lazare_2019-09-15,September,2019,Sep-19,3.133570833
2019-09-16,3.1321,Saint-Lazare,Saint-Lazare_2019-09-16,September,2019,Sep-19,3.130354167
2019-09-17,3.1286,Saint-Lazare,Saint-Lazare_2019-09-17,September,2019,Sep-19,3.124604167
2019-09-18,3.1212,Saint-Lazare,Saint-Lazare_2019-09-18,September,2019,Sep-19,3.118695833
2019-09-19,3.116,Saint-Lazare,Saint-Lazare_2019-09-19,September,2019,Sep-19,3.115468182
2019-09-20,3.1131,Saint-Lazare,Saint-Lazare_2019-09-20,September,2019,Sep-19,3.112154545
2019-09-21,3.1079,Saint-Lazare,Saint-Lazare_2019-09-21,September,2019,Sep-19,3.108866667
2019-09-22,3.1068,Saint-Lazare,Saint-Lazare_2019-09-22,September,2019,Sep-19,3.108154167
2019-09-23,3.1064,Saint-Lazare,Saint-Lazare_2019-09-23,September,2019,Sep-19,3.1025
2019-09-24,3.0947,Saint-Lazare,Saint-Lazare_2019-09-24,September,2019,Sep-19,3.091473913
2019-09-25,3.0883,Saint-Lazare,Saint-Lazare_2019-09-25,September,2019,Sep-19,3.089575
2019-09-26,3.0888,Saint-Lazare,Saint-Lazare_2019-09-26,September,2019,Sep-19,3.0832
2019-09-27,3.0757,Saint-Lazare,Saint-Lazare_2019-09-27,September,2019,Sep-19,3.076573913
2019-09-28,3.0756,Saint-Lazare,Saint-Lazare_2019-09-28,September,2019,Sep-19,3.0705375
2019-09-29,3.0621,Saint-Lazare,Saint-Lazare_2019-09-29,September,2019,Sep-19,3.061409091
2019-09-30,3.0606,Saint-Lazare,Saint-Lazare_2019-09-30,September,2019,Sep-19,3.06255
2019-10-01,0.3999,Rigaud,Rigaud_2019-10-01,October,2019,Oct-19,0.401595833
2019-10-02,0.4067,Rigaud,Rigaud_2019-10-02,October,2019,Oct-19,0.409508696
2019-10-03,0.4108,Rigaud,Rigaud_2019-10-03,October,2019,Oct-19,0.415116667
2019-10-04,0.4191,Rigaud,Rigaud_2019-10-04,October,2019,Oct-19,0.411925
2019-10-05,0.4081,Rigaud,Rigaud_2019-10-05,October,2019,Oct-19,0.409079167
2019-10-06,0.4099,Rigaud,Rigaud_2019-10-06,October,2019,Oct-19,0.411182609
2019-10-07,0.4058,Rigaud,Rigaud_2019-10-07,October,2019,Oct-19,0.405583333
2019-10-08,0.4014,Rigaud,Rigaud_2019-10-08,October,2019,Oct-19,0.399130435
2019-10-09,0.398,Rigaud,Rigaud_2019-10-09,October,2019,Oct-19,0.397041667
2019-10-10,0.3971,Rigaud,Rigaud_2019-10-10,October,2019,Oct-19,0.394566667
2019-10-11,0.3943,Rigaud,Rigaud_2019-10-11,October,2019,Oct-19,0.3928625
2019-10-12,0.3915,Rigaud,Rigaud_2019-10-12,October,2019,Oct-19,0.390995833
2019-10-13,0.3872,Rigaud,Rigaud_2019-10-13,October,2019,Oct-19,0.386333333
2019-10-14,0.3849,Rigaud,Rigaud_2019-10-14,October,2019,Oct-19,0.382720833
2019-10-15,0.3799,Rigaud,Rigaud_2019-10-15,October,2019,Oct-19,0.377870833
2019-10-16,0.3747,Rigaud,Rigaud_2019-10-16,October,2019,Oct-19,0.376933333
2019-10-17,0.3766,Rigaud,Rigaud_2019-10-17,October,2019,Oct-19,0.411447826
2019-10-18,0.5249,Rigaud,Rigaud_2019-10-18,October,2019,Oct-19,0.589945833
2019-10-19,0.6172,Rigaud,Rigaud_2019-10-19,October,2019,Oct-19,0.617841667
2019-10-20,0.6162,Rigaud,Rigaud_2019-10-20,October,2019,Oct-19,0.608154167
2019-10-21,0.6002,Rigaud,Rigaud_2019-10-21,October,2019,Oct-19,0.591204167
2019-10-22,0.5874,Rigaud,Rigaud_2019-10-22,October,2019,Oct-19,0.582345833
2019-10-23,0.5817,Rigaud,Rigaud_2019-10-23,October,2019,Oct-19,0.625591667
2019-10-24,0.6567,Rigaud,Rigaud_2019-10-24,October,2019,Oct-19,0.6606875
2019-10-25,0.6579,Rigaud,Rigaud_2019-10-25,October,2019,Oct-19,0.655229167
2019-10-26,0.6509,Rigaud,Rigaud_2019-10-26,October,2019,Oct-19,0.642616667
2019-10-27,0.6372,Rigaud,Rigaud_2019-10-27,October,2019,Oct-19,0.6641375
2019-10-28,0.7165,Rigaud,Rigaud_2019-10-28,October,2019,Oct-19,0.737991667
2019-10-29,0.7487,Rigaud,Rigaud_2019-10-29,October,2019,Oct-19,0.745445833
2019-10-30,0.7384,Rigaud,Rigaud_2019-10-30,October,2019,Oct-19,0.7357875
2019-10-31,0.7355,Rigaud,Rigaud_2019-10-31,October,2019,Oct-19,0.738547368
2019-10-01,3.0647,Saint-Lazare,Saint-Lazare_2019-10-01,October,2019,Oct-19,3.062778261
2019-10-02,3.0548,Saint-Lazare,Saint-Lazare_2019-10-02,October,2019,Oct-19,3.0509375
2019-10-03,3.0505,Saint-Lazare,Saint-Lazare_2019-10-03,October,2019,Oct-19,3.049654167
2019-10-04,3.0426,Saint-Lazare,Saint-Lazare_2019-10-04,October,2019,Oct-19,3.037304545
2019-10-05,3.0366,Saint-Lazare,Saint-Lazare_2019-10-05,October,2019,Oct-19,3.036445833
2019-10-06,3.0366,Saint-Lazare,Saint-Lazare_2019-10-06,October,2019,Oct-19,3.035908333
2019-10-07,3.0305,Saint-Lazare,Saint-Lazare_2019-10-07,October,2019,Oct-19,3.028895833
2019-10-08,3.0235,Saint-Lazare,Saint-Lazare_2019-10-08,October,2019,Oct-19,3.020691304
2019-10-09,3.0215,Saint-Lazare,Saint-Lazare_2019-10-09,October,2019,Oct-19,3.016779167
2019-10-10,3.0172,Saint-Lazare,Saint-Lazare_2019-10-10,October,2019,Oct-19,3.012845833
2019-10-11,3.0129,Saint-Lazare,Saint-Lazare_2019-10-11,October,2019,Oct-19,3.010358333
2019-10-12,3.0107,Saint-Lazare,Saint-Lazare_2019-10-12,October,2019,Oct-19,3.008279167
2019-10-13,3.003,Saint-Lazare,Saint-Lazare_2019-10-13,October,2019,Oct-19,3.003575
2019-10-14,3.0041,Saint-Lazare,Saint-Lazare_2019-10-14,October,2019,Oct-19,2.999045833
2019-10-15,2.9964,Saint-Lazare,Saint-Lazare_2019-10-15,October,2019,Oct-19,2.993166667
2019-10-16,2.9942,Saint-Lazare,Saint-Lazare_2019-10-16,October,2019,Oct-19,2.9962375
2019-10-17,2.9968,Saint-Lazare,Saint-Lazare_2019-10-17,October,2019,Oct-19,2.990258333
2019-10-18,2.9813,Saint-Lazare,Saint-Lazare_2019-10-18,October,2019,Oct-19,2.977066667
2019-10-19,2.9756,Saint-Lazare,Saint-Lazare_2019-10-19,October,2019,Oct-19,2.974179167
2019-10-20,2.9762,Saint-Lazare,Saint-Lazare_2019-10-20,October,2019,Oct-19,2.972191667
2019-10-21,2.9711,Saint-Lazare,Saint-Lazare_2019-10-21,October,2019,Oct-19,2.968856522
2019-10-22,2.9738,Saint-Lazare,Saint-Lazare_2019-10-22,October,2019,Oct-19,2.97316087
2019-10-23,2.9697,Saint-Lazare,Saint-Lazare_2019-10-23,October,2019,Oct-19,2.965608696
2019-10-24,2.9624,Saint-Lazare,Saint-Lazare_2019-10-24,October,2019,Oct-19,2.9608125
2019-10-25,2.9571,Saint-Lazare,Saint-Lazare_2019-10-25,October,2019,Oct-19,2.9588125
2019-10-26,2.9601,Saint-Lazare,Saint-Lazare_2019-10-26,October,2019,Oct-19,2.9555625
2019-10-27,2.9623,Saint-Lazare,Saint-Lazare_2019-10-27,October,2019,Oct-19,2.964754167
2019-10-28,2.954,Saint-Lazare,Saint-Lazare_2019-10-28,October,2019,Oct-19,2.950320833
2019-10-29,2.9517,Saint-Lazare,Saint-Lazare_2019-10-29,October,2019,Oct-19,2.949416667
2019-10-30,2.9467,Saint-Lazare,Saint-Lazare_2019-10-30,October,2019,Oct-19,2.946241667
2019-10-31,2.9543,Saint-Lazare,Saint-Lazare_2019-10-31,October,2019,Oct-19,2.961604167
2019-11-01,0.925,Rigaud,Rigaud_2019-11-01,November,2019,Nov-19,1.130486957
2019-11-02,1.1374,Rigaud,Rigaud_2019-11-02,November,2019,Nov-19,1.077795833
2019-11-03,1.0347,Rigaud,Rigaud_2019-11-03,November,2019,Nov-19,1.007525
2019-11-04,0.9838,Rigaud,Rigaud_2019-11-04,November,2019,Nov-19,0.975825
2019-11-05,0.9693,Rigaud,Rigaud_2019-11-05,November,2019,Nov-19,0.963254167
2019-11-06,0.9683,Rigaud,Rigaud_2019-11-06,November,2019,Nov-19,0.970379167
2019-11-07,0.9773,Rigaud,Rigaud_2019-11-07,November,2019,Nov-19,0.978126087
2019-11-08,0.9839,Rigaud,Rigaud_2019-11-08,November,2019,Nov-19,0.980929167
2019-11-09,0.9794,Rigaud,Rigaud_2019-11-09,November,2019,Nov-19,0.982529167
2019-11-10,0.9843,Rigaud,Rigaud_2019-11-10,November,2019,Nov-19,0.979766667
2019-11-11,0.9685,Rigaud,Rigaud_2019-11-11,November,2019,Nov-19,0.969854545
2019-11-12,0.9825,Rigaud,Rigaud_2019-11-12,November,2019,Nov-19,0.975891667
2019-11-13,0.9697,Rigaud,Rigaud_2019-11-13,November,2019,Nov-19,0.965347826
2019-11-14,0.9679,Rigaud,Rigaud_2019-11-14,November,2019,Nov-19,0.969933333
2019-11-15,0.9714,Rigaud,Rigaud_2019-11-15,November,2019,Nov-19,0.965295833
2019-11-16,0.9488,Rigaud,Rigaud_2019-11-16,November,2019,Nov-19,0.951808333
2019-11-17,0.9553,Rigaud,Rigaud_2019-11-17,November,2019,Nov-19,0.95905
2019-11-18,0.9623,Rigaud,Rigaud_2019-11-18,November,2019,Nov-19,0.961966667
2019-11-19,0.9618,Rigaud,Rigaud_2019-11-19,November,2019,Nov-19,0.952808333
2019-11-20,0.9471,Rigaud,Rigaud_2019-11-20,November,2019,Nov-19,0.941533333
2019-11-21,0.9367,Rigaud,Rigaud_2019-11-21,November,2019,Nov-19,0.940065217
2019-11-22,0.956,Rigaud,Rigaud_2019-11-22,November,2019,Nov-19,0.950591667
2019-11-23,0.9527,Rigaud,Rigaud_2019-11-23,November,2019,Nov-19,0.9703125
2019-11-24,0.9823,Rigaud,Rigaud_2019-11-24,November,2019,Nov-19,0.979625
2019-11-25,0.9736,Rigaud,Rigaud_2019-11-25,November,2019,Nov-19,0.962608333
2019-11-26,0.9566,Rigaud,Rigaud_2019-11-26,November,2019,Nov-19,0.952108333
2019-11-27,0.9443,Rigaud,Rigaud_2019-11-27,November,2019,Nov-19,0.961404167
2019-11-28,0.9983,Rigaud,Rigaud_2019-11-28,November,2019,Nov-19,1.017741667
2019-11-29,1.0341,Rigaud,Rigaud_2019-11-29,November,2019,Nov-19,1.034504167
2019-11-30,1.0332,Rigaud,Rigaud_2019-11-30,November,2019,Nov-19,1.0253
2019-11-01,2.9715,Saint-Lazare,Saint-Lazare_2019-11-01,November,2019,Nov-19,2.941841667
2019-11-02,2.9389,Saint-Lazare,Saint-Lazare_2019-11-02,November,2019,Nov-19,2.942441667
2019-11-03,2.9459,Saint-Lazare,Saint-Lazare_2019-11-03,November,2019,Nov-19,2.943621739
2019-11-04,2.944,Saint-Lazare,Saint-Lazare_2019-11-04,November,2019,Nov-19,2.953891667
2019-11-05,2.9656,Saint-Lazare,Saint-Lazare_2019-11-05,November,2019,Nov-19,2.9740875
2019-11-06,2.984,Saint-Lazare,Saint-Lazare_2019-11-06,November,2019,Nov-19,2.988508333
2019-11-07,3.0044,Saint-Lazare,Saint-Lazare_2019-11-07,November,2019,Nov-19,3.012929167
2019-11-08,3.0246,Saint-Lazare,Saint-Lazare_2019-11-08,November,2019,Nov-19,3.028043478
2019-11-09,3.0399,Saint-Lazare,Saint-Lazare_2019-11-09,November,2019,Nov-19,3.048616667
2019-11-10,3.058,Saint-Lazare,Saint-Lazare_2019-11-10,November,2019,Nov-19,3.060179167
2019-11-11,3.0583,Saint-Lazare,Saint-Lazare_2019-11-11,November,2019,Nov-19,3.064195833
2019-11-12,3.0732,Saint-Lazare,Saint-Lazare_2019-11-12,November,2019,Nov-19,3.0762125
2019-11-13,3.0791,Saint-Lazare,Saint-Lazare_2019-11-13,November,2019,Nov-19,3.078470833
2019-11-14,3.0855,Saint-Lazare,Saint-Lazare_2019-11-14,November,2019,Nov-19,3.089595833
2019-11-15,3.094,Saint-Lazare,Saint-Lazare_2019-11-15,November,2019,Nov-19,3.0906375
2019-11-16,3.0844,Saint-Lazare,Saint-Lazare_2019-11-16,November,2019,Nov-19,3.090270833
2019-11-17,3.1038,Saint-Lazare,Saint-Lazare_2019-11-17,November,2019,Nov-19,3.102166667
2019-11-18,3.1101,Saint-Lazare,Saint-Lazare_2019-11-18,November,2019,Nov-19,3.1100625
2019-11-19,3.1123,Saint-Lazare,Saint-Lazare_2019-11-19,November,2019,Nov-19,3.110245833
2019-11-20,3.1117,Saint-Lazare,Saint-Lazare_2019-11-20,November,2019,Nov-19,3.108530435
2019-11-21,3.109,Saint-Lazare,Saint-Lazare_2019-11-21,November,2019,Nov-19,3.1155625
2019-11-22,3.1294,Saint-Lazare,Saint-Lazare_2019-11-22,November,2019,Nov-19,3.1179625
2019-11-23,3.1088,Saint-Lazare,Saint-Lazare_2019-11-23,November,2019,Nov-19,3.1194375
2019-11-24,3.1279,Saint-Lazare,Saint-Lazare_2019-11-24,November,2019,Nov-19,3.126091667
2019-11-25,3.1257,Saint-Lazare,Saint-Lazare_2019-11-25,November,2019,Nov-19,3.120258333
2019-11-26,3.1214,Saint-Lazare,Saint-Lazare_2019-11-26,November,2019,Nov-19,3.118379167
2019-11-27,3.1122,Saint-Lazare,Saint-Lazare_2019-11-27,November,2019,Nov-19,3.126466667
2019-11-28,3.1204,Saint-Lazare,Saint-Lazare_2019-11-28,November,2019,Nov-19,3.107718182
2019-11-29,3.1051,Saint-Lazare,Saint-Lazare_2019-11-29,November,2019,Nov-19,3.10736087
2019-11-30,3.1138,Saint-Lazare,Saint-Lazare_2019-11-30,November,2019,Nov-19,3.113195833
2019-12-01,1.0176,Rigaud,Rigaud_2019-12-01,December,2019,Dec-19,1.021043478
2019-12-02,1.023,Rigaud,Rigaud_2019-12-02,December,2019,Dec-19,1.013529167
2019-12-03,1.01,Rigaud,Rigaud_2019-12-03,December,2019,Dec-19,1.007225
2019-12-04,1.0021,Rigaud,Rigaud_2019-12-04,December,2019,Dec-19,0.996475
2019-12-05,0.9896,Rigaud,Rigaud_2019-12-05,December,2019,Dec-19,0.973358333
2019-12-06,0.9607,Rigaud,Rigaud_2019-12-06,December,2019,Dec-19,0.9580875
2019-12-07,0.9503,Rigaud,Rigaud_2019-12-07,December,2019,Dec-19,0.943829167
2019-12-08,0.939,Rigaud,Rigaud_2019-12-08,December,2019,Dec-19,0.946645833
2019-12-09,0.9445,Rigaud,Rigaud_2019-12-09,December,2019,Dec-19,0.95195
2019-12-10,0.9586,Rigaud,Rigaud_2019-12-10,December,2019,Dec-19,0.9496125
2019-12-11,0.9434,Rigaud,Rigaud_2019-12-11,December,2019,Dec-19,0.948108333
2019-12-12,0.9357,Rigaud,Rigaud_2019-12-12,December,2019,Dec-19,0.934015
2019-12-13,0.9436,Rigaud,Rigaud_2019-12-13,December,2019,Dec-19,0.944554545
2019-12-14,0.9491,Rigaud,Rigaud_2019-12-14,December,2019,Dec-19,0.964966667
2019-12-15,0.9875,Rigaud,Rigaud_2019-12-15,December,2019,Dec-19,0.971825
2019-12-16,0.965,Rigaud,Rigaud_2019-12-16,December,2019,Dec-19,0.962083333
2019-12-17,0.9669,Rigaud,Rigaud_2019-12-17,December,2019,Dec-19,0.967509091
2019-12-18,0.9668,Rigaud,Rigaud_2019-12-18,December,2019,Dec-19,0.9583
2019-12-19,0.9413,Rigaud,Rigaud_2019-12-19,December,2019,Dec-19,0.9327125
2019-12-20,0.9289,Rigaud,Rigaud_2019-12-20,December,2019,Dec-19,0.924208696
2019-12-21,0.9219,Rigaud,Rigaud_2019-12-21,December,2019,Dec-19,0.92915
2019-12-22,0.9357,Rigaud,Rigaud_2019-12-22,December,2019,Dec-19,0.936095833
2019-12-23,0.9364,Rigaud,Rigaud_2019-12-23,December,2019,Dec-19,0.9334875
2019-12-24,0.9225,Rigaud,Rigaud_2019-12-24,December,2019,Dec-19,0.920379167
2019-12-25,0.924,Rigaud,Rigaud_2019-12-25,December,2019,Dec-19,0.917145833
2019-12-26,0.9112,Rigaud,Rigaud_2019-12-26,December,2019,Dec-19,0.908959091
2019-12-27,0.9145,Rigaud,Rigaud_2019-12-27,December,2019,Dec-19,0.910433333
2019-12-28,0.904,Rigaud,Rigaud_2019-12-28,December,2019,Dec-19,0.901591667
2019-12-29,0.8988,Rigaud,Rigaud_2019-12-29,December,2019,Dec-19,0.897666667
2019-12-30,0.8966,Rigaud,Rigaud_2019-12-30,December,2019,Dec-19,0.899483333
2019-12-31,0.9009,Rigaud,Rigaud_2019-12-31,December,2019,Dec-19,0.905266667
2019-12-01,3.117,Saint-Lazare,Saint-Lazare_2019-12-01,December,2019,Dec-19,3.122036364
2019-12-02,3.1225,Saint-Lazare,Saint-Lazare_2019-12-02,December,2019,Dec-19,3.118256522
2019-12-03,3.1204,Saint-Lazare,Saint-Lazare_2019-12-03,December,2019,Dec-19,3.122875
2019-12-04,3.1258,Saint-Lazare,Saint-Lazare_2019-12-04,December,2019,Dec-19,3.124291667
2019-12-05,3.1223,Saint-Lazare,Saint-Lazare_2019-12-05,December,2019,Dec-19,3.109829167
2019-12-06,3.1029,Saint-Lazare,Saint-Lazare_2019-12-06,December,2019,Dec-19,3.102279167
2019-12-07,3.0973,Saint-Lazare,Saint-Lazare_2019-12-07,December,2019,Dec-19,3.0923875
2019-12-08,3.096,Saint-Lazare,Saint-Lazare_2019-12-08,December,2019,Dec-19,3.098841667
2019-12-09,3.099,Saint-Lazare,Saint-Lazare_2019-12-09,December,2019,Dec-19,3.1062125
2019-12-10,3.111,Saint-Lazare,Saint-Lazare_2019-12-10,December,2019,Dec-19,3.093429167
2019-12-11,3.0805,Saint-Lazare,Saint-Lazare_2019-12-11,December,2019,Dec-19,3.082981818
2019-12-12,3.0746,Saint-Lazare,Saint-Lazare_2019-12-12,December,2019,Dec-19,3.073021739
2019-12-13,3.0841,Saint-Lazare,Saint-Lazare_2019-12-13,December,2019,Dec-19,3.0818125
2019-12-14,3.0889,Saint-Lazare,Saint-Lazare_2019-12-14,December,2019,Dec-19,3.10485
2019-12-15,3.104,Saint-Lazare,Saint-Lazare_2019-12-15,December,2019,Dec-19,3.0775875
2019-12-16,3.0685,Saint-Lazare,Saint-Lazare_2019-12-16,December,2019,Dec-19,3.066875
2019-12-17,3.0752,Saint-Lazare,Saint-Lazare_2019-12-17,December,2019,Dec-19,3.074725
2019-12-18,3.0735,Saint-Lazare,Saint-Lazare_2019-12-18,December,2019,Dec-19,3.069708333
2019-12-19,3.0622,Saint-Lazare,Saint-Lazare_2019-12-19,December,2019,Dec-19,3.051820833
2019-12-20,3.0498,Saint-Lazare,Saint-Lazare_2019-12-20,December,2019,Dec-19,3.042479167
2019-12-21,3.0455,Saint-Lazare,Saint-Lazare_2019-12-21,December,2019,Dec-19,3.047730435
2019-12-22,3.0518,Saint-Lazare,Saint-Lazare_2019-12-22,December,2019,Dec-19,3.052825
2019-12-23,3.0526,Saint-Lazare,Saint-Lazare_2019-12-23,December,2019,Dec-19,3.051120833
2019-12-24,3.0382,Saint-Lazare,Saint-Lazare_2019-12-24,December,2019,Dec-19,3.034626087
2019-12-25,3.0394,Saint-Lazare,Saint-Lazare_2019-12-25,December,2019,Dec-19,3.036095455
2019-12-26,3.033,Saint-Lazare,Saint-Lazare_2019-12-26,December,2019,Dec-19,3.032379167
2019-12-27,3.0406,Saint-Lazare,Saint-Lazare_2019-12-27,December,2019,Dec-19,3.0375125
2019-12-28,3.0314,Saint-Lazare,Saint-Lazare_2019-12-28,December,2019,Dec-19,3.026058333
2019-12-29,3.0226,Saint-Lazare,Saint-Lazare_2019-12-29,December,2019,Dec-19,3.024708333
2019-12-30,3.0276,Saint-Lazare,Saint-Lazare_2019-12-30,December,2019,Dec-19,3.033790476
2019-12-31,3.0412,Saint-Lazare,Saint-Lazare_2019-12-31,December,2019,Dec-19,3.038495833
2020-01-01,0.9093,Rigaud,Rigaud_2020-01-01,January,2020,Jan-20,0.898641667
2020-01-02,0.8919,Rigaud,Rigaud_2020-01-02,January,2020,Jan-20,0.891983333
2020-01-03,0.8921,Rigaud,Rigaud_2020-01-03,January,2020,Jan-20,0.886595833
2020-01-04,0.8837,Rigaud,Rigaud_2020-01-04,January,2020,Jan-20,0.885541667
2020-01-05,0.8832,Rigaud,Rigaud_2020-01-05,January,2020,Jan-20,0.878672727
2020-01-06,0.8782,Rigaud,Rigaud_2020-01-06,January,2020,Jan-20,0.8776
2020-01-07,0.8747,Rigaud,Rigaud_2020-01-07,January,2020,Jan-20,0.873195833
2020-01-08,0.8773,Rigaud,Rigaud_2020-01-08,January,2020,Jan-20,0.868916667
2020-01-09,0.8537,Rigaud,Rigaud_2020-01-09,January,2020,Jan-20,0.852090476
2020-01-10,0.8705,Rigaud,Rigaud_2020-01-10,January,2020,Jan-20,0.863966667
2020-01-11,0.8575,Rigaud,Rigaud_2020-01-11,January,2020,Jan-20,0.87511
2020-01-12,1.6079,Rigaud,Rigaud_2020-01-12,January,2020,Jan-20,1.75441
2020-01-13,1.8197,Rigaud,Rigaud_2020-01-13,January,2020,Jan-20,1.835372727
2020-01-14,1.8376,Rigaud,Rigaud_2020-01-14,January,2020,Jan-20,1.835340909
2020-01-15,1.825,Rigaud,Rigaud_2020-01-15,January,2020,Jan-20,1.806654167
2020-01-16,1.7939,Rigaud,Rigaud_2020-01-16,January,2020,Jan-20,1.770066667
2020-01-17,1.7352,Rigaud,Rigaud_2020-01-17,January,2020,Jan-20,1.71965
2020-01-18,1.7071,Rigaud,Rigaud_2020-01-18,January,2020,Jan-20,1.7029125
2020-01-19,1.6976,Rigaud,Rigaud_2020-01-19,January,2020,Jan-20,1.659979167
2020-01-20,1.6286,Rigaud,Rigaud_2020-01-20,January,2020,Jan-20,1.6112875
2020-01-21,1.5956,Rigaud,Rigaud_2020-01-21,January,2020,Jan-20,1.5853625
2020-01-22,1.5772,Rigaud,Rigaud_2020-01-22,January,2020,Jan-20,1.564016667
2020-01-23,1.5541,Rigaud,Rigaud_2020-01-23,January,2020,Jan-20,1.540470833
2020-01-24,1.5313,Rigaud,Rigaud_2020-01-24,January,2020,Jan-20,1.5204625
2020-01-25,1.5116,Rigaud,Rigaud_2020-01-25,January,2020,Jan-20,1.5121
2020-01-26,1.5156,Rigaud,Rigaud_2020-01-26,January,2020,Jan-20,1.506575
2020-01-27,1.5008,Rigaud,Rigaud_2020-01-27,January,2020,Jan-20,1.489691667
2020-01-28,1.4798,Rigaud,Rigaud_2020-01-28,January,2020,Jan-20,1.469204167
2020-01-29,1.4587,Rigaud,Rigaud_2020-01-29,January,2020,Jan-20,1.447795833
2020-01-30,1.4389,Rigaud,Rigaud_2020-01-30,January,2020,Jan-20,1.432695833
2020-01-31,1.4264,Rigaud,Rigaud_2020-01-31,January,2020,Jan-20,1.421720833
2020-01-01,3.0393,Saint-Lazare,Saint-Lazare_2020-01-01,January,2020,Jan-20,3.029125
2020-01-02,3.0214,Saint-Lazare,Saint-Lazare_2020-01-02,January,2020,Jan-20,3.022847826
2020-01-03,3.0229,Saint-Lazare,Saint-Lazare_2020-01-03,January,2020,Jan-20,3.019116667
2020-01-04,3.0129,Saint-Lazare,Saint-Lazare_2020-01-04,January,2020,Jan-20,3.016831818
2020-01-05,3.0123,Saint-Lazare,Saint-Lazare_2020-01-05,January,2020,Jan-20,3.008040909
2020-01-06,3.0138,Saint-Lazare,Saint-Lazare_2020-01-06,January,2020,Jan-20,3.012533333
2020-01-07,3.0044,Saint-Lazare,Saint-Lazare_2020-01-07,January,2020,Jan-20,3.004654167
2020-01-08,3.0114,Saint-Lazare,Saint-Lazare_2020-01-08,January,2020,Jan-20,2.999754167
2020-01-09,2.9812,Saint-Lazare,Saint-Lazare_2020-01-09,January,2020,Jan-20,2.986586364
2020-01-10,3.0079,Saint-Lazare,Saint-Lazare_2020-01-10,January,2020,Jan-20,3.001041667
2020-01-11,2.9969,Saint-Lazare,Saint-Lazare_2020-01-11,January,2020,Jan-20,3.005041667
2020-01-12,3.0052,Saint-Lazare,Saint-Lazare_2020-01-12,January,2020,Jan-20,3.014616667
2020-01-13,3.0429,Saint-Lazare,Saint-Lazare_2020-01-13,January,2020,Jan-20,3.065652174
2020-01-14,3.077,Saint-Lazare,Saint-Lazare_2020-01-14,January,2020,Jan-20,3.082545833
2020-01-15,3.0838,Saint-Lazare,Saint-Lazare_2020-01-15,January,2020,Jan-20,3.0786375
2020-01-16,3.0827,Saint-Lazare,Saint-Lazare_2020-01-16,January,2020,Jan-20,3.070558333
2020-01-17,3.0535,Saint-Lazare,Saint-Lazare_2020-01-17,January,2020,Jan-20,3.051033333
2020-01-18,3.0646,Saint-Lazare,Saint-Lazare_2020-01-18,January,2020,Jan-20,3.0718125
2020-01-19,3.0915,Saint-Lazare,Saint-Lazare_2020-01-19,January,2020,Jan-20,3.0653625
2020-01-20,3.0566,Saint-Lazare,Saint-Lazare_2020-01-20,January,2020,Jan-20,3.049429167
2020-01-21,3.0588,Saint-Lazare,Saint-Lazare_2020-01-21,January,2020,Jan-20,3.04905
2020-01-22,3.046,Saint-Lazare,Saint-Lazare_2020-01-22,January,2020,Jan-20,3.042822727
2020-01-23,3.0442,Saint-Lazare,Saint-Lazare_2020-01-23,January,2020,Jan-20,3.039429167
2020-01-24,3.0395,Saint-Lazare,Saint-Lazare_2020-01-24,January,2020,Jan-20,3.0377625
2020-01-25,3.0436,Saint-Lazare,Saint-Lazare_2020-01-25,January,2020,Jan-20,3.047743478
2020-01-26,3.0573,Saint-Lazare,Saint-Lazare_2020-01-26,January,2020,Jan-20,3.0552125
2020-01-27,3.056,Saint-Lazare,Saint-Lazare_2020-01-27,January,2020,Jan-20,3.048104167
2020-01-28,3.0444,Saint-Lazare,Saint-Lazare_2020-01-28,January,2020,Jan-20,3.038604167
2020-01-29,3.0359,Saint-Lazare,Saint-Lazare_2020-01-29,January,2020,Jan-20,3.031375
2020-01-30,3.0349,Saint-Lazare,Saint-Lazare_2020-01-30,January,2020,Jan-20,3.031770833
2020-01-31,3.0366,Saint-Lazare,Saint-Lazare_2020-01-31,January,2020,Jan-20,3.036077273
2020-02-01,1.4193,Rigaud,Rigaud_2020-02-01,February,2020,Feb-20,1.41495
2020-02-02,1.4118,Rigaud,Rigaud_2020-02-02,February,2020,Feb-20,1.405879167
2020-02-03,1.3946,Rigaud,Rigaud_2020-02-03,February,2020,Feb-20,1.381916667
2020-02-04,1.3717,Rigaud,Rigaud_2020-02-04,February,2020,Feb-20,1.366479167
2020-02-05,1.3503,Rigaud,Rigaud_2020-02-05,February,2020,Feb-20,1.345104545
2020-02-06,1.3444,Rigaud,Rigaud_2020-02-06,February,2020,Feb-20,1.343391667
2020-02-07,1.347,Rigaud,Rigaud_2020-02-07,February,2020,Feb-20,1.337429167
2020-02-08,1.3151,Rigaud,Rigaud_2020-02-08,February,2020,Feb-20,1.306975
2020-02-09,1.3013,Rigaud,Rigaud_2020-02-09,February,2020,Feb-20,1.300870833
2020-02-10,1.304,Rigaud,Rigaud_2020-02-10,February,2020,Feb-20,1.3013875
2020-02-11,1.2922,Rigaud,Rigaud_2020-02-11,February,2020,Feb-20,1.293220833
2020-02-12,1.2842,Rigaud,Rigaud_2020-02-12,February,2020,Feb-20,1.277940909
2020-02-13,1.277,Rigaud,Rigaud_2020-02-13,February,2020,Feb-20,1.272745833
2020-02-14,1.2528,Rigaud,Rigaud_2020-02-14,February,2020,Feb-20,1.24864
2020-02-15,1.2469,Rigaud,Rigaud_2020-02-15,February,2020,Feb-20,1.251454167
2020-02-16,1.2547,Rigaud,Rigaud_2020-02-16,February,2020,Feb-20,1.243304167
2020-02-17,1.2316,Rigaud,Rigaud_2020-02-17,February,2020,Feb-20,1.222691667
2020-02-18,1.2205,Rigaud,Rigaud_2020-02-18,February,2020,Feb-20,1.2280875
2020-02-19,1.216,Rigaud,Rigaud_2020-02-19,February,2020,Feb-20,1.2055625
2020-02-20,1.1978,Rigaud,Rigaud_2020-02-20,February,2020,Feb-20,1.195058333
2020-02-21,1.1904,Rigaud,Rigaud_2020-02-21,February,2020,Feb-20,1.194233333
2020-02-22,1.1923,Rigaud,Rigaud_2020-02-22,February,2020,Feb-20,1.185354545
2020-02-23,1.1805,Rigaud,Rigaud_2020-02-23,February,2020,Feb-20,1.177833333
2020-02-24,1.1749,Rigaud,Rigaud_2020-02-24,February,2020,Feb-20,1.1687875
2020-02-25,1.1642,Rigaud,Rigaud_2020-02-25,February,2020,Feb-20,1.158108333
2020-02-26,1.1532,Rigaud,Rigaud_2020-02-26,February,2020,Feb-20,1.1518375
2020-02-27,1.1581,Rigaud,Rigaud_2020-02-27,February,2020,Feb-20,1.161254167
2020-02-28,1.1493,Rigaud,Rigaud_2020-02-28,February,2020,Feb-20,1.143466667
2020-02-29,1.1387,Rigaud,Rigaud_2020-02-29,February,2020,Feb-20,1.133416667
2020-02-01,3.0406,Saint-Lazare,Saint-Lazare_2020-02-01,February,2020,Feb-20,3.045230435
2020-02-02,3.0579,Saint-Lazare,Saint-Lazare_2020-02-02,February,2020,Feb-20,3.054008333
2020-02-03,3.046,Saint-Lazare,Saint-Lazare_2020-02-03,February,2020,Feb-20,3.0412125
2020-02-04,3.0414,Saint-Lazare,Saint-Lazare_2020-02-04,February,2020,Feb-20,3.040286364
2020-02-05,3.0361,Saint-Lazare,Saint-Lazare_2020-02-05,February,2020,Feb-20,3.030691667
2020-02-06,3.0443,Saint-Lazare,Saint-Lazare_2020-02-06,February,2020,Feb-20,3.048866667
2020-02-07,3.0468,Saint-Lazare,Saint-Lazare_2020-02-07,February,2020,Feb-20,3.050691667
2020-02-08,3.0334,Saint-Lazare,Saint-Lazare_2020-02-08,February,2020,Feb-20,3.0245125
2020-02-09,3.0366,Saint-Lazare,Saint-Lazare_2020-02-09,February,2020,Feb-20,3.028095833
2020-02-10,3.0348,Saint-Lazare,Saint-Lazare_2020-02-10,February,2020,Feb-20,3.034091667
2020-02-11,3.0312,Saint-Lazare,Saint-Lazare_2020-02-11,February,2020,Feb-20,3.034730435
2020-02-12,3.0299,Saint-Lazare,Saint-Lazare_2020-02-12,February,2020,Feb-20,3.026716667
2020-02-13,3.0366,Saint-Lazare,Saint-Lazare_2020-02-13,February,2020,Feb-20,3.032191667
2020-02-14,3.0197,Saint-Lazare,Saint-Lazare_2020-02-14,February,2020,Feb-20,3.017375
2020-02-15,3.0319,Saint-Lazare,Saint-Lazare_2020-02-15,February,2020,Feb-20,3.027329167
2020-02-16,3.0341,Saint-Lazare,Saint-Lazare_2020-02-16,February,2020,Feb-20,3.0266375
2020-02-17,3.0137,Saint-Lazare,Saint-Lazare_2020-02-17,February,2020,Feb-20,3.008875
2020-02-18,3.0186,Saint-Lazare,Saint-Lazare_2020-02-18,February,2020,Feb-20,3.02435
2020-02-19,3.0128,Saint-Lazare,Saint-Lazare_2020-02-19,February,2020,Feb-20,3.002966667
2020-02-20,3.0025,Saint-Lazare,Saint-Lazare_2020-02-20,February,2020,Feb-20,3.001408333
2020-02-21,3.0111,Saint-Lazare,Saint-Lazare_2020-02-21,February,2020,Feb-20,3.007341667
2020-02-22,3.0064,Saint-Lazare,Saint-Lazare_2020-02-22,February,2020,Feb-20,3.0006875
2020-02-23,2.9981,Saint-Lazare,Saint-Lazare_2020-02-23,February,2020,Feb-20,2.997654167
2020-02-24,3.0034,Saint-Lazare,Saint-Lazare_2020-02-24,February,2020,Feb-20,2.9943
2020-02-25,2.9946,Saint-Lazare,Saint-Lazare_2020-02-25,February,2020,Feb-20,2.987533333
2020-02-26,2.9824,Saint-Lazare,Saint-Lazare_2020-02-26,February,2020,Feb-20,2.9892625
2020-02-27,3.0091,Saint-Lazare,Saint-Lazare_2020-02-27,February,2020,Feb-20,3.004358333
2020-02-28,2.9918,Saint-Lazare,Saint-Lazare_2020-02-28,February,2020,Feb-20,2.983225
2020-02-29,2.9828,Saint-Lazare,Saint-Lazare_2020-02-29,February,2020,Feb-20,2.9758125
2020-03-01,1.1267,Rigaud,Rigaud_2020-03-01,March,2020,Mar-20,1.124057143
2020-03-02,1.1251,Rigaud,Rigaud_2020-03-02,March,2020,Mar-20,1.12955
2020-03-03,1.1237,Rigaud,Rigaud_2020-03-03,March,2020,Mar-20,1.128445833
2020-03-04,1.1377,Rigaud,Rigaud_2020-03-04,March,2020,Mar-20,1.138543478
2020-03-05,1.1457,Rigaud,Rigaud_2020-03-05,March,2020,Mar-20,1.154291667
2020-03-06,1.1674,Rigaud,Rigaud_2020-03-06,March,2020,Mar-20,1.169009524
2020-03-07,1.1621,Rigaud,Rigaud_2020-03-07,March,2020,Mar-20,1.159583333
2020-03-08,1.1581,Rigaud,Rigaud_2020-03-08,March,2020,Mar-20,1.1574875
2020-03-09,1.1586,Rigaud,Rigaud_2020-03-09,March,2020,Mar-20,1.155290909
2020-03-10,1.164,Rigaud,Rigaud_2020-03-10,March,2020,Mar-20,1.183320833
2020-03-11,1.1974,Rigaud,Rigaud_2020-03-11,March,2020,Mar-20,1.2322375
2020-03-12,1.2554,Rigaud,Rigaud_2020-03-12,March,2020,Mar-20,1.264595833
2020-03-13,1.2758,Rigaud,Rigaud_2020-03-13,March,2020,Mar-20,1.293133333
2020-03-14,1.4043,Rigaud,Rigaud_2020-03-14,March,2020,Mar-20,1.549975
2020-03-15,1.6733,Rigaud,Rigaud_2020-03-15,March,2020,Mar-20,1.692745455
2020-03-16,1.7007,Rigaud,Rigaud_2020-03-16,March,2020,Mar-20,1.695713043
2020-03-17,1.6905,Rigaud,Rigaud_2020-03-17,March,2020,Mar-20,1.675054167
2020-03-18,1.6874,Rigaud,Rigaud_2020-03-18,March,2020,Mar-20,1.695159091
2020-03-19,1.7018,Rigaud,Rigaud_2020-03-19,March,2020,Mar-20,1.696704167
2020-03-20,1.7061,Rigaud,Rigaud_2020-03-20,March,2020,Mar-20,1.741119048
2020-03-21,2.0624,Rigaud,Rigaud_2020-03-21,March,2020,Mar-20,2.130031818
2020-03-22,2.1638,Rigaud,Rigaud_2020-03-22,March,2020,Mar-20,2.160125
2020-03-23,2.1689,Rigaud,Rigaud_2020-03-23,March,2020,Mar-20,2.162358333
2020-03-24,2.1464,Rigaud,Rigaud_2020-03-24,March,2020,Mar-20,2.128265217
2020-03-25,2.1373,Rigaud,Rigaud_2020-03-25,March,2020,Mar-20,2.134413636
2020-03-26,2.1553,Rigaud,Rigaud_2020-03-26,March,2020,Mar-20,2.153775
2020-03-27,2.1668,Rigaud,Rigaud_2020-03-27,March,2020,Mar-20,2.17575
2020-03-28,2.1938,Rigaud,Rigaud_2020-03-28,March,2020,Mar-20,2.169095833
2020-03-29,2.1547,Rigaud,Rigaud_2020-03-29,March,2020,Mar-20,2.18586087
2020-03-30,2.5281,Rigaud,Rigaud_2020-03-30,March,2020,Mar-20,2.544173684
2020-03-31,2.5588,Rigaud,Rigaud_2020-03-31,March,2020,Mar-20,2.556283333
2020-03-01,2.9777,Saint-Lazare,Saint-Lazare_2020-03-01,March,2020,Mar-20,2.972808333
2020-03-02,2.9759,Saint-Lazare,Saint-Lazare_2020-03-02,March,2020,Mar-20,2.9830875
2020-03-03,2.9756,Saint-Lazare,Saint-Lazare_2020-03-03,March,2020,Mar-20,2.980116667
2020-03-04,2.9773,Saint-Lazare,Saint-Lazare_2020-03-04,March,2020,Mar-20,2.9641
2020-03-05,2.9557,Saint-Lazare,Saint-Lazare_2020-03-05,March,2020,Mar-20,2.9570875
2020-03-06,2.9626,Saint-Lazare,Saint-Lazare_2020-03-06,March,2020,Mar-20,2.959070833
2020-03-07,2.9551,Saint-Lazare,Saint-Lazare_2020-03-07,March,2020,Mar-20,2.957225
2020-03-08,2.9584,Saint-Lazare,Saint-Lazare_2020-03-08,March,2020,Mar-20,2.962679167
2020-03-09,2.9683,Saint-Lazare,Saint-Lazare_2020-03-09,March,2020,Mar-20,2.963145833
2020-03-10,2.9659,Saint-Lazare,Saint-Lazare_2020-03-10,March,2020,Mar-20,2.965583333
2020-03-11,2.9498,Saint-Lazare,Saint-Lazare_2020-03-11,March,2020,Mar-20,2.953525
2020-03-12,2.9568,Saint-Lazare,Saint-Lazare_2020-03-12,March,2020,Mar-20,2.95765
2020-03-13,2.9715,Saint-Lazare,Saint-Lazare_2020-03-13,March,2020,Mar-20,2.969858333
2020-03-14,2.9509,Saint-Lazare,Saint-Lazare_2020-03-14,March,2020,Mar-20,2.947756522
2020-03-15,2.9463,Saint-Lazare,Saint-Lazare_2020-03-15,March,2020,Mar-20,2.966868182
2020-03-16,3.0671,Saint-Lazare,Saint-Lazare_2020-03-16,March,2020,Mar-20,2.920069565
2020-03-17,2.7604,Saint-Lazare,Saint-Lazare_2020-03-17,March,2020,Mar-20,2.7469625
2020-03-18,2.7292,Saint-Lazare,Saint-Lazare_2020-03-18,March,2020,Mar-20,2.744075
2020-03-19,2.757,Saint-Lazare,Saint-Lazare_2020-03-19,March,2020,Mar-20,2.7525125
2020-03-20,2.7679,Saint-Lazare,Saint-Lazare_2020-03-20,March,2020,Mar-20,2.78479
2020-03-21,2.9086,Saint-Lazare,Saint-Lazare_2020-03-21,March,2020,Mar-20,2.9220875
2020-03-22,2.9001,Saint-Lazare,Saint-Lazare_2020-03-22,March,2020,Mar-20,2.867825
2020-03-23,2.8429,Saint-Lazare,Saint-Lazare_2020-03-23,March,2020,Mar-20,2.8268125
2020-03-24,2.8089,Saint-Lazare,Saint-Lazare_2020-03-24,March,2020,Mar-20,2.791020833
2020-03-25,2.7821,Saint-Lazare,Saint-Lazare_2020-03-25,March,2020,Mar-20,2.778895455
2020-03-26,2.7908,Saint-Lazare,Saint-Lazare_2020-03-26,March,2020,Mar-20,2.79955
2020-03-27,2.8029,Saint-Lazare,Saint-Lazare_2020-03-27,March,2020,Mar-20,2.8243
2020-03-28,2.9094,Saint-Lazare,Saint-Lazare_2020-03-28,March,2020,Mar-20,2.903479167
2020-03-29,2.8737,Saint-Lazare,Saint-Lazare_2020-03-29,March,2020,Mar-20,2.8693
2020-03-30,3.5295,Saint-Lazare,Saint-Lazare_2020-03-30,March,2020,Mar-20,3.395029167
2020-03-31,3.281,Saint-Lazare,Saint-Lazare_2020-03-31,March,2020,Mar-20,3.241658333
2020-04-01,2.5509,Rigaud,Rigaud_2020-04-01,April,2020,Apr-20,2.522658333
2020-04-02,2.5092,Rigaud,Rigaud_2020-04-02,April,2020,Apr-20,2.490516667
2020-04-03,2.4898,Rigaud,Rigaud_2020-04-03,April,2020,Apr-20,2.537058333
2020-04-04,2.5879,Rigaud,Rigaud_2020-04-04,April,2020,Apr-20,2.5634875
2020-04-05,2.5513,Rigaud,Rigaud_2020-04-05,April,2020,Apr-20,2.5232
2020-04-06,2.4967,Rigaud,Rigaud_2020-04-06,April,2020,Apr-20,2.4794125
2020-04-07,2.4625,Rigaud,Rigaud_2020-04-07,April,2020,Apr-20,2.442195833
2020-04-08,2.4245,Rigaud,Rigaud_2020-04-08,April,2020,Apr-20,2.400354167
2020-04-09,2.3814,Rigaud,Rigaud_2020-04-09,April,2020,Apr-20,2.37075
2020-04-10,2.3554,Rigaud,Rigaud_2020-04-10,April,2020,Apr-20,2.32905
2020-04-11,2.302,Rigaud,Rigaud_2020-04-11,April,2020,Apr-20,2.283745833
2020-04-12,2.2619,Rigaud,Rigaud_2020-04-12,April,2020,Apr-20,2.248625
2020-04-13,2.2396,Rigaud,Rigaud_2020-04-13,April,2020,Apr-20,2.264283333
2020-04-14,2.294,Rigaud,Rigaud_2020-04-14,April,2020,Apr-20,2.3087125
2020-04-15,2.2974,Rigaud,Rigaud_2020-04-15,April,2020,Apr-20,2.270133333
2020-04-16,2.2429,Rigaud,Rigaud_2020-04-16,April,2020,Apr-20,2.2255125
2020-04-17,2.2052,Rigaud,Rigaud_2020-04-17,April,2020,Apr-20,2.1931
2020-04-18,2.1829,Rigaud,Rigaud_2020-04-18,April,2020,Apr-20,2.167917391
2020-04-19,2.1541,Rigaud,Rigaud_2020-04-19,April,2020,Apr-20,2.143113043
2020-04-20,2.1168,Rigaud,Rigaud_2020-04-20,April,2020,Apr-20,2.110558333
2020-04-21,2.103,Rigaud,Rigaud_2020-04-21,April,2020,Apr-20,2.092954167
2020-04-22,2.0715,Rigaud,Rigaud_2020-04-22,April,2020,Apr-20,2.051708333
2020-04-23,2.0317,Rigaud,Rigaud_2020-04-23,April,2020,Apr-20,2.018620833
2020-04-24,2.0072,Rigaud,Rigaud_2020-04-24,April,2020,Apr-20,1.994166667
2020-04-25,1.9766,Rigaud,Rigaud_2020-04-25,April,2020,Apr-20,1.959583333
2020-04-26,1.9447,Rigaud,Rigaud_2020-04-26,April,2020,Apr-20,1.933445833
2020-04-27,1.9199,Rigaud,Rigaud_2020-04-27,April,2020,Apr-20,1.904270833
2020-04-28,1.8892,Rigaud,Rigaud_2020-04-28,April,2020,Apr-20,1.876441667
2020-04-29,1.8594,Rigaud,Rigaud_2020-04-29,April,2020,Apr-20,1.850695238
2020-04-30,1.8392,Rigaud,Rigaud_2020-04-30,April,2020,Apr-20,1.8322875
2020-04-01,3.2687,Saint-Lazare,Saint-Lazare_2020-04-01,April,2020,Apr-20,3.194108333
2020-04-02,3.1392,Saint-Lazare,Saint-Lazare_2020-04-02,April,2020,Apr-20,3.103016667
2020-04-03,3.0732,Saint-Lazare,Saint-Lazare_2020-04-03,April,2020,Apr-20,3.067752174
2020-04-04,3.1122,Saint-Lazare,Saint-Lazare_2020-04-04,April,2020,Apr-20,3.128016667
2020-04-05,3.1362,Saint-Lazare,Saint-Lazare_2020-04-05,April,2020,Apr-20,3.137141667
2020-04-06,3.1397,Saint-Lazare,Saint-Lazare_2020-04-06,April,2020,Apr-20,3.142608333
2020-04-07,3.1496,Saint-Lazare,Saint-Lazare_2020-04-07,April,2020,Apr-20,3.1523
2020-04-08,3.1601,Saint-Lazare,Saint-Lazare_2020-04-08,April,2020,Apr-20,3.162968182
2020-04-09,3.1762,Saint-Lazare,Saint-Lazare_2020-04-09,April,2020,Apr-20,3.186183333
2020-04-10,3.1951,Saint-Lazare,Saint-Lazare_2020-04-10,April,2020,Apr-20,3.189308333
2020-04-11,3.1882,Saint-Lazare,Saint-Lazare_2020-04-11,April,2020,Apr-20,3.196020833
2020-04-12,3.2074,Saint-Lazare,Saint-Lazare_2020-04-12,April,2020,Apr-20,3.211626087
2020-04-13,3.2274,Saint-Lazare,Saint-Lazare_2020-04-13,April,2020,Apr-20,3.236783333
2020-04-14,3.2217,Saint-Lazare,Saint-Lazare_2020-04-14,April,2020,Apr-20,3.237275
2020-04-15,3.2508,Saint-Lazare,Saint-Lazare_2020-04-15,April,2020,Apr-20,3.4290125
2020-04-16,3.6099,Saint-Lazare,Saint-Lazare_2020-04-16,April,2020,Apr-20,3.6146
2020-04-17,3.621,Saint-Lazare,Saint-Lazare_2020-04-17,April,2020,Apr-20,3.627141667
2020-04-18,3.6403,Saint-Lazare,Saint-Lazare_2020-04-18,April,2020,Apr-20,3.641166667
2020-04-19,3.652,Saint-Lazare,Saint-Lazare_2020-04-19,April,2020,Apr-20,3.653527273
2020-04-20,3.6507,Saint-Lazare,Saint-Lazare_2020-04-20,April,2020,Apr-20,3.6599
2020-04-21,3.6742,Saint-Lazare,Saint-Lazare_2020-04-21,April,2020,Apr-20,3.67405
2020-04-22,3.6775,Saint-Lazare,Saint-Lazare_2020-04-22,April,2020,Apr-20,3.674691667
2020-04-23,3.6803,Saint-Lazare,Saint-Lazare_2020-04-23,April,2020,Apr-20,3.683733333
2020-04-24,3.6953,Saint-Lazare,Saint-Lazare_2020-04-24,April,2020,Apr-20,3.696425
2020-04-25,3.7003,Saint-Lazare,Saint-Lazare_2020-04-25,April,2020,Apr-20,3.705625
2020-04-26,3.7128,Saint-Lazare,Saint-Lazare_2020-04-26,April,2020,Apr-20,3.713791667
2020-04-27,3.7177,Saint-Lazare,Saint-Lazare_2020-04-27,April,2020,Apr-20,3.72175
2020-04-28,3.7283,Saint-Lazare,Saint-Lazare_2020-04-28,April,2020,Apr-20,3.731742857
2020-04-29,3.7393,Saint-Lazare,Saint-Lazare_2020-04-29,April,2020,Apr-20,3.742479167
2020-04-30,3.7472,Saint-Lazare,Saint-Lazare_2020-04-30,April,2020,Apr-20,3.755608333
2020-05-01,1.8293,Rigaud,Rigaud_2020-05-01,May,2020,May-20,1.812433333
2020-05-02,1.7981,Rigaud,Rigaud_2020-05-02,May,2020,May-20,1.791128571
2020-05-03,1.7853,Rigaud,Rigaud_2020-05-03,May,2020,May-20,1.774641667
2020-05-04,1.7609,Rigaud,Rigaud_2020-05-04,May,2020,May-20,1.747754167
2020-05-05,1.7351,Rigaud,Rigaud_2020-05-05,May,2020,May-20,1.7247
2020-05-06,1.7172,Rigaud,Rigaud_2020-05-06,May,2020,May-20,1.708208333
2020-05-07,1.7014,Rigaud,Rigaud_2020-05-07,May,2020,May-20,1.692891667
2020-05-08,1.6794,Rigaud,Rigaud_2020-05-08,May,2020,May-20,1.671570833
2020-05-09,1.6647,Rigaud,Rigaud_2020-05-09,May,2020,May-20,1.652083333
2020-05-10,1.6392,Rigaud,Rigaud_2020-05-10,May,2020,May-20,1.6307375
2020-05-11,1.6211,Rigaud,Rigaud_2020-05-11,May,2020,May-20,1.612029167
2020-05-12,1.5996,Rigaud,Rigaud_2020-05-12,May,2020,May-20,1.5893625
2020-05-13,1.576,Rigaud,Rigaud_2020-05-13,May,2020,May-20,1.567040909
2020-05-14,1.5579,Rigaud,Rigaud_2020-05-14,May,2020,May-20,1.554156522
2020-05-15,1.5494,Rigaud,Rigaud_2020-05-15,May,2020,May-20,1.5435375
2020-05-16,1.5394,Rigaud,Rigaud_2020-05-16,May,2020,May-20,1.5388625
2020-05-17,1.5349,Rigaud,Rigaud_2020-05-17,May,2020,May-20,1.531210526
2020-05-18,1.5213,Rigaud,Rigaud_2020-05-18,May,2020,May-20,1.511854167
2020-05-19,1.4991,Rigaud,Rigaud_2020-05-19,May,2020,May-20,1.489483333
2020-05-20,1.4757,Rigaud,Rigaud_2020-05-20,May,2020,May-20,1.470125
2020-05-21,1.4619,Rigaud,Rigaud_2020-05-21,May,2020,May-20,1.455781818
2020-05-22,1.4471,Rigaud,Rigaud_2020-05-22,May,2020,May-20,1.439895833
2020-05-23,1.4268,Rigaud,Rigaud_2020-05-23,May,2020,May-20,1.41525
2020-05-24,1.4019,Rigaud,Rigaud_2020-05-24,May,2020,May-20,1.397291667
2020-05-25,1.3886,Rigaud,Rigaud_2020-05-25,May,2020,May-20,1.3788625
2020-05-26,1.367,Rigaud,Rigaud_2020-05-26,May,2020,May-20,1.360166667
2020-05-27,1.3508,Rigaud,Rigaud_2020-05-27,May,2020,May-20,1.341904167
2020-05-28,1.33,Rigaud,Rigaud_2020-05-28,May,2020,May-20,1.32547619
2020-05-29,1.3185,Rigaud,Rigaud_2020-05-29,May,2020,May-20,1.309925
2020-05-30,1.2995,Rigaud,Rigaud_2020-05-30,May,2020,May-20,1.287566667
2020-05-31,1.2749,Rigaud,Rigaud_2020-05-31,May,2020,May-20,1.267970833
2020-05-01,3.7625,Saint-Lazare,Saint-Lazare_2020-05-01,May,2020,May-20,3.75685
2020-05-02,3.7607,Saint-Lazare,Saint-Lazare_2020-05-02,May,2020,May-20,3.764966667
2020-05-03,3.7733,Saint-Lazare,Saint-Lazare_2020-05-03,May,2020,May-20,3.772716667
2020-05-04,3.7725,Saint-Lazare,Saint-Lazare_2020-05-04,May,2020,May-20,3.7687125
2020-05-05,3.7691,Saint-Lazare,Saint-Lazare_2020-05-05,May,2020,May-20,3.772345833
2020-05-06,3.7789,Saint-Lazare,Saint-Lazare_2020-05-06,May,2020,May-20,3.779278261
2020-05-07,3.7864,Saint-Lazare,Saint-Lazare_2020-05-07,May,2020,May-20,3.781733333
2020-05-08,3.7792,Saint-Lazare,Saint-Lazare_2020-05-08,May,2020,May-20,3.781625
2020-05-09,3.785,Saint-Lazare,Saint-Lazare_2020-05-09,May,2020,May-20,3.779270833
2020-05-10,3.775,Saint-Lazare,Saint-Lazare_2020-05-10,May,2020,May-20,3.777425
2020-05-11,3.779,Saint-Lazare,Saint-Lazare_2020-05-11,May,2020,May-20,3.777933333
2020-05-12,3.7732,Saint-Lazare,Saint-Lazare_2020-05-12,May,2020,May-20,3.76875
2020-05-13,3.7662,Saint-Lazare,Saint-Lazare_2020-05-13,May,2020,May-20,3.761856522
2020-05-14,3.7593,Saint-Lazare,Saint-Lazare_2020-05-14,May,2020,May-20,3.767266667
2020-05-15,3.7747,Saint-Lazare,Saint-Lazare_2020-05-15,May,2020,May-20,3.771404167
2020-05-16,3.7637,Saint-Lazare,Saint-Lazare_2020-05-16,May,2020,May-20,3.753265217
2020-05-17,3.7508,Saint-Lazare,Saint-Lazare_2020-05-17,May,2020,May-20,3.751240909
2020-05-18,3.7468,Saint-Lazare,Saint-Lazare_2020-05-18,May,2020,May-20,3.74442
2020-05-19,3.7395,Saint-Lazare,Saint-Lazare_2020-05-19,May,2020,May-20,3.736619048
2020-05-20,3.7322,Saint-Lazare,Saint-Lazare_2020-05-20,May,2020,May-20,3.7345
2020-05-21,3.7358,Saint-Lazare,Saint-Lazare_2020-05-21,May,2020,May-20,3.7406375
2020-05-22,3.7391,Saint-Lazare,Saint-Lazare_2020-05-22,May,2020,May-20,3.744108333
2020-05-23,3.7341,Saint-Lazare,Saint-Lazare_2020-05-23,May,2020,May-20,3.726881818
2020-05-24,3.7229,Saint-Lazare,Saint-Lazare_2020-05-24,May,2020,May-20,3.7264125
2020-05-25,3.7227,Saint-Lazare,Saint-Lazare_2020-05-25,May,2020,May-20,3.71765
2020-05-26,3.7131,Saint-Lazare,Saint-Lazare_2020-05-26,May,2020,May-20,3.718283333
2020-05-27,3.7063,Saint-Lazare,Saint-Lazare_2020-05-27,May,2020,May-20,3.7157875
2020-05-28,3.702,Saint-Lazare,Saint-Lazare_2020-05-28,May,2020,May-20,3.7109
2020-05-29,3.7099,Saint-Lazare,Saint-Lazare_2020-05-29,May,2020,May-20,3.7119
2020-05-30,3.7064,Saint-Lazare,Saint-Lazare_2020-05-30,May,2020,May-20,3.692225
2020-05-31,3.6796,Saint-Lazare,Saint-Lazare_2020-05-31,May,2020,May-20,3.6755125
2020-06-01,1.2602,Rigaud,Rigaud_2020-06-01,June,2020,Jun-20,1.254283333
2020-06-02,1.2475,Rigaud,Rigaud_2020-06-02,June,2020,Jun-20,1.243883333
2020-06-03,1.2394,Rigaud,Rigaud_2020-06-03,June,2020,Jun-20,1.2320375
2020-06-04,1.2211,Rigaud,Rigaud_2020-06-04,June,2020,Jun-20,1.213116667
2020-06-05,1.2047,Rigaud,Rigaud_2020-06-05,June,2020,Jun-20,1.199795652
2020-06-06,1.1982,Rigaud,Rigaud_2020-06-06,June,2020,Jun-20,1.191458333
2020-06-07,1.1854,Rigaud,Rigaud_2020-06-07,June,2020,Jun-20,1.1801375
2020-06-08,1.173,Rigaud,Rigaud_2020-06-08,June,2020,Jun-20,1.170211111
2020-06-09,1.1627,Rigaud,Rigaud_2020-06-09,June,2020,Jun-20,1.159175
2020-06-10,1.1537,Rigaud,Rigaud_2020-06-10,June,2020,Jun-20,1.151354167
2020-06-11,1.1463,Rigaud,Rigaud_2020-06-11,June,2020,Jun-20,1.136083333
2020-06-12,1.1297,Rigaud,Rigaud_2020-06-12,June,2020,Jun-20,1.120766667
2020-06-13,1.1116,Rigaud,Rigaud_2020-06-13,June,2020,Jun-20,1.103329167
2020-06-14,1.0956,Rigaud,Rigaud_2020-06-14,June,2020,Jun-20,1.0892375
2020-06-15,1.0826,Rigaud,Rigaud_2020-06-15,June,2020,Jun-20,1.077666667
2020-06-16,1.071,Rigaud,Rigaud_2020-06-16,June,2020,Jun-20,1.068031579
2020-06-17,1.0628,Rigaud,Rigaud_2020-06-17,June,2020,Jun-20,1.056058333
2020-06-18,1.0493,Rigaud,Rigaud_2020-06-18,June,2020,Jun-20,1.0438125
2020-06-19,1.0383,Rigaud,Rigaud_2020-06-19,June,2020,Jun-20,1.031345833
2020-06-20,1.0232,Rigaud,Rigaud_2020-06-20,June,2020,Jun-20,1.018929167
2020-06-21,1.0136,Rigaud,Rigaud_2020-06-21,June,2020,Jun-20,1.006433333
2020-06-22,0.9996,Rigaud,Rigaud_2020-06-22,June,2020,Jun-20,0.9938625
2020-06-23,0.9893,Rigaud,Rigaud_2020-06-23,June,2020,Jun-20,0.986029167
2020-06-24,0.9788,Rigaud,Rigaud_2020-06-24,June,2020,Jun-20,0.9722125
2020-06-25,0.9654,Rigaud,Rigaud_2020-06-25,June,2020,Jun-20,0.9586
2020-06-26,0.9517,Rigaud,Rigaud_2020-06-26,June,2020,Jun-20,0.947433333
2020-06-27,0.9367,Rigaud,Rigaud_2020-06-27,June,2020,Jun-20,0.936191667
2020-06-28,0.9292,Rigaud,Rigaud_2020-06-28,June,2020,Jun-20,0.922691667
2020-06-29,0.9169,Rigaud,Rigaud_2020-06-29,June,2020,Jun-20,0.909008333
2020-06-30,0.904,Rigaud,Rigaud_2020-06-30,June,2020,Jun-20,0.899216667
2020-06-01,3.6767,Saint-Lazare,Saint-Lazare_2020-06-01,June,2020,Jun-20,3.674933333
2020-06-02,3.6782,Saint-Lazare,Saint-Lazare_2020-06-02,June,2020,Jun-20,3.680933333
2020-06-03,3.6898,Saint-Lazare,Saint-Lazare_2020-06-03,June,2020,Jun-20,3.681758333
2020-06-04,3.6698,Saint-Lazare,Saint-Lazare_2020-06-04,June,2020,Jun-20,3.6693
2020-06-05,3.6663,Saint-Lazare,Saint-Lazare_2020-06-05,June,2020,Jun-20,3.668720833
2020-06-06,3.6702,Saint-Lazare,Saint-Lazare_2020-06-06,June,2020,Jun-20,3.6567625
2020-06-07,3.6501,Saint-Lazare,Saint-Lazare_2020-06-07,June,2020,Jun-20,3.647420833
2020-06-08,3.6441,Saint-Lazare,Saint-Lazare_2020-06-08,June,2020,Jun-20,3.6445
2020-06-09,3.6407,Saint-Lazare,Saint-Lazare_2020-06-09,June,2020,Jun-20,3.640054167
2020-06-10,3.6393,Saint-Lazare,Saint-Lazare_2020-06-10,June,2020,Jun-20,3.643870833
2020-06-11,3.6413,Saint-Lazare,Saint-Lazare_2020-06-11,June,2020,Jun-20,3.63295
2020-06-12,3.6297,Saint-Lazare,Saint-Lazare_2020-06-12,June,2020,Jun-20,3.622
2020-06-13,3.6139,Saint-Lazare,Saint-Lazare_2020-06-13,June,2020,Jun-20,3.610120833
2020-06-14,3.6087,Saint-Lazare,Saint-Lazare_2020-06-14,June,2020,Jun-20,3.606934783
2020-06-15,3.6045,Saint-Lazare,Saint-Lazare_2020-06-15,June,2020,Jun-20,3.6069
2020-06-16,3.6005,Saint-Lazare,Saint-Lazare_2020-06-16,June,2020,Jun-20,3.6063
2020-06-17,3.601,Saint-Lazare,Saint-Lazare_2020-06-17,June,2020,Jun-20,3.604841667
2020-06-18,3.5964,Saint-Lazare,Saint-Lazare_2020-06-18,June,2020,Jun-20,3.603125
2020-06-19,3.5932,Saint-Lazare,Saint-Lazare_2020-06-19,June,2020,Jun-20,3.5989625
2020-06-20,3.5875,Saint-Lazare,Saint-Lazare_2020-06-20,June,2020,Jun-20,3.595920833
2020-06-21,3.5843,Saint-Lazare,Saint-Lazare_2020-06-21,June,2020,Jun-20,3.591929167
2020-06-22,3.5794,Saint-Lazare,Saint-Lazare_2020-06-22,June,2020,Jun-20,3.587995833
2020-06-23,3.5796,Saint-Lazare,Saint-Lazare_2020-06-23,June,2020,Jun-20,3.587895833
2020-06-24,3.5782,Saint-Lazare,Saint-Lazare_2020-06-24,June,2020,Jun-20,3.571620833
2020-06-25,3.5697,Saint-Lazare,Saint-Lazare_2020-06-25,June,2020,Jun-20,3.56495
2020-06-26,3.5631,Saint-Lazare,Saint-Lazare_2020-06-26,June,2020,Jun-20,3.5642125
2020-06-27,3.5607,Saint-Lazare,Saint-Lazare_2020-06-27,June,2020,Jun-20,3.559835
2020-06-28,3.5549,Saint-Lazare,Saint-Lazare_2020-06-28,June,2020,Jun-20,3.553845833
2020-06-29,3.5505,Saint-Lazare,Saint-Lazare_2020-06-29,June,2020,Jun-20,3.544
2020-06-30,3.5398,Saint-Lazare,Saint-Lazare_2020-06-30,June,2020,Jun-20,3.540925
2020-07-01,0.8944,Rigaud,Rigaud_2020-07-01,July,2020,Jul-20,0.890243478
2020-07-02,0.8864,Rigaud,Rigaud_2020-07-02,July,2020,Jul-20,0.880116667
2020-07-03,0.8717,Rigaud,Rigaud_2020-07-03,July,2020,Jul-20,0.867770833
2020-07-04,0.862,Rigaud,Rigaud_2020-07-04,July,2020,Jul-20,0.856825
2020-07-05,0.8506,Rigaud,Rigaud_2020-07-05,July,2020,Jul-20,0.845995833
2020-07-06,0.8383,Rigaud,Rigaud_2020-07-06,July,2020,Jul-20,0.834808333
2020-07-07,0.8319,Rigaud,Rigaud_2020-07-07,July,2020,Jul-20,0.826966667
2020-07-08,0.8215,Rigaud,Rigaud_2020-07-08,July,2020,Jul-20,0.816216667
2020-07-09,0.8106,Rigaud,Rigaud_2020-07-09,July,2020,Jul-20,0.805866667
2020-07-10,0.7999,Rigaud,Rigaud_2020-07-10,July,2020,Jul-20,0.796858333
2020-07-11,0.7942,Rigaud,Rigaud_2020-07-11,July,2020,Jul-20,0.792654167
2020-07-12,0.7903,Rigaud,Rigaud_2020-07-12,July,2020,Jul-20,0.78475
2020-07-13,0.7803,Rigaud,Rigaud_2020-07-13,July,2020,Jul-20,0.7752125
2020-07-14,0.7699,Rigaud,Rigaud_2020-07-14,July,2020,Jul-20,0.763020833
2020-07-15,0.7561,Rigaud,Rigaud_2020-07-15,July,2020,Jul-20,0.752095833
2020-07-16,0.7479,Rigaud,Rigaud_2020-07-16,July,2020,Jul-20,0.744061905
2020-07-17,0.7415,Rigaud,Rigaud_2020-07-17,July,2020,Jul-20,0.73235
2020-07-18,0.7233,Rigaud,Rigaud_2020-07-18,July,2020,Jul-20,0.723447826
2020-07-19,0.7215,Rigaud,Rigaud_2020-07-19,July,2020,Jul-20,0.7202375
2020-07-20,0.7193,Rigaud,Rigaud_2020-07-20,July,2020,Jul-20,0.714254167
2020-07-21,0.7097,Rigaud,Rigaud_2020-07-21,July,2020,Jul-20,0.706479167
2020-07-22,0.7026,Rigaud,Rigaud_2020-07-22,July,2020,Jul-20,0.700808333
2020-07-23,0.6971,Rigaud,Rigaud_2020-07-23,July,2020,Jul-20,0.6922875
2020-07-24,0.6877,Rigaud,Rigaud_2020-07-24,July,2020,Jul-20,0.684033333
2020-07-25,0.6821,Rigaud,Rigaud_2020-07-25,July,2020,Jul-20,0.678075
2020-07-26,0.6746,Rigaud,Rigaud_2020-07-26,July,2020,Jul-20,0.671495833
2020-07-27,0.6687,Rigaud,Rigaud_2020-07-27,July,2020,Jul-20,0.669025
2020-07-28,0.6712,Rigaud,Rigaud_2020-07-28,July,2020,Jul-20,0.669431818
2020-07-29,0.666,Rigaud,Rigaud_2020-07-29,July,2020,Jul-20,0.666495652
2020-07-30,0.6653,Rigaud,Rigaud_2020-07-30,July,2020,Jul-20,0.662958333
2020-07-31,0.6604,Rigaud,Rigaud_2020-07-31,July,2020,Jul-20,0.657779167
2020-07-01,3.5395,Saint-Lazare,Saint-Lazare_2020-07-01,July,2020,Jul-20,3.545108333
2020-07-02,3.537,Saint-Lazare,Saint-Lazare_2020-07-02,July,2020,Jul-20,3.53746087
2020-07-03,3.5285,Saint-Lazare,Saint-Lazare_2020-07-03,July,2020,Jul-20,3.534416667
2020-07-04,3.5252,Saint-Lazare,Saint-Lazare_2020-07-04,July,2020,Jul-20,3.528483333
2020-07-05,3.5194,Saint-Lazare,Saint-Lazare_2020-07-05,July,2020,Jul-20,3.521979167
2020-07-06,3.5128,Saint-Lazare,Saint-Lazare_2020-07-06,July,2020,Jul-20,3.521883333
2020-07-07,3.5195,Saint-Lazare,Saint-Lazare_2020-07-07,July,2020,Jul-20,3.528775
2020-07-08,3.5203,Saint-Lazare,Saint-Lazare_2020-07-08,July,2020,Jul-20,3.5224875
2020-07-09,3.5111,Saint-Lazare,Saint-Lazare_2020-07-09,July,2020,Jul-20,3.518595833
2020-07-10,3.5044,Saint-Lazare,Saint-Lazare_2020-07-10,July,2020,Jul-20,3.516625
2020-07-11,3.5108,Saint-Lazare,Saint-Lazare_2020-07-11,July,2020,Jul-20,3.512369565
2020-07-12,3.5047,Saint-Lazare,Saint-Lazare_2020-07-12,July,2020,Jul-20,3.501586364
2020-07-13,3.4905,Saint-Lazare,Saint-Lazare_2020-07-13,July,2020,Jul-20,3.493866667
2020-07-14,3.4825,Saint-Lazare,Saint-Lazare_2020-07-14,July,2020,Jul-20,3.484708333
2020-07-15,3.4731,Saint-Lazare,Saint-Lazare_2020-07-15,July,2020,Jul-20,3.481075
2020-07-16,3.4743,Saint-Lazare,Saint-Lazare_2020-07-16,July,2020,Jul-20,3.476782609
2020-07-17,3.4725,Saint-Lazare,Saint-Lazare_2020-07-17,July,2020,Jul-20,3.47005
2020-07-18,3.4572,Saint-Lazare,Saint-Lazare_2020-07-18,July,2020,Jul-20,3.463004167
2020-07-19,3.4574,Saint-Lazare,Saint-Lazare_2020-07-19,July,2020,Jul-20,3.4623
2020-07-20,3.4535,Saint-Lazare,Saint-Lazare_2020-07-20,July,2020,Jul-20,3.451716667
2020-07-21,3.4393,Saint-Lazare,Saint-Lazare_2020-07-21,July,2020,Jul-20,3.44345
2020-07-22,3.438,Saint-Lazare,Saint-Lazare_2020-07-22,July,2020,Jul-20,3.43906087
2020-07-23,3.433,Saint-Lazare,Saint-Lazare_2020-07-23,July,2020,Jul-20,3.433845833
2020-07-24,3.4256,Saint-Lazare,Saint-Lazare_2020-07-24,July,2020,Jul-20,3.431925
2020-07-25,3.4241,Saint-Lazare,Saint-Lazare_2020-07-25,July,2020,Jul-20,3.429633333
2020-07-26,3.4199,Saint-Lazare,Saint-Lazare_2020-07-26,July,2020,Jul-20,3.427179167
2020-07-27,3.4224,Saint-Lazare,Saint-Lazare_2020-07-27,July,2020,Jul-20,3.424454167
2020-07-28,3.4192,Saint-Lazare,Saint-Lazare_2020-07-28,July,2020,Jul-20,3.4164625
2020-07-29,3.4062,Saint-Lazare,Saint-Lazare_2020-07-29,July,2020,Jul-20,3.407008333
2020-07-30,3.4024,Saint-Lazare,Saint-Lazare_2020-07-30,July,2020,Jul-20,3.40315
2020-07-31,3.3967,Saint-Lazare,Saint-Lazare_2020-07-31,July,2020,Jul-20,3.399391667
2020-08-01,0.6547,Rigaud,Rigaud_2020-08-01,August,2020,Aug-20,0.651254167
2020-08-02,0.6499,Rigaud,Rigaud_2020-08-02,August,2020,Aug-20,0.650716667
2020-08-03,0.6528,Rigaud,Rigaud_2020-08-03,August,2020,Aug-20,0.648341667
2020-08-04,0.6493,Rigaud,Rigaud_2020-08-04,August,2020,Aug-20,0.653670833
2020-08-05,0.6635,Rigaud,Rigaud_2020-08-05,August,2020,Aug-20,0.673366667
2020-08-06,0.6847,Rigaud,Rigaud_2020-08-06,August,2020,Aug-20,0.690504167
2020-08-07,0.6927,Rigaud,Rigaud_2020-08-07,August,2020,Aug-20,0.689745833
2020-08-08,0.6853,Rigaud,Rigaud_2020-08-08,August,2020,Aug-20,0.681729167
2020-08-09,0.6765,Rigaud,Rigaud_2020-08-09,August,2020,Aug-20,0.673058333
2020-08-10,0.6688,Rigaud,Rigaud_2020-08-10,August,2020,Aug-20,0.666504545
2020-08-11,0.6636,Rigaud,Rigaud_2020-08-11,August,2020,Aug-20,0.660220833
2020-08-12,0.6531,Rigaud,Rigaud_2020-08-12,August,2020,Aug-20,0.647970833
2020-08-13,0.6445,Rigaud,Rigaud_2020-08-13,August,2020,Aug-20,0.642341667
2020-08-14,0.6401,Rigaud,Rigaud_2020-08-14,August,2020,Aug-20,0.637241667
2020-08-15,0.6349,Rigaud,Rigaud_2020-08-15,August,2020,Aug-20,0.632491667
2020-08-16,0.6287,Rigaud,Rigaud_2020-08-16,August,2020,Aug-20,0.627195833
2020-08-17,0.6215,Rigaud,Rigaud_2020-08-17,August,2020,Aug-20,0.6275125
2020-08-18,0.6303,Rigaud,Rigaud_2020-08-18,August,2020,Aug-20,0.625529167
2020-08-19,0.6227,Rigaud,Rigaud_2020-08-19,August,2020,Aug-20,0.6185375
2020-08-20,0.6142,Rigaud,Rigaud_2020-08-20,August,2020,Aug-20,0.61374
2020-08-21,0.6125,Rigaud,Rigaud_2020-08-21,August,2020,Aug-20,0.607552174
2020-08-22,0.6064,Rigaud,Rigaud_2020-08-22,August,2020,Aug-20,0.601929167
2020-08-23,0.6008,Rigaud,Rigaud_2020-08-23,August,2020,Aug-20,0.598043478
2020-08-24,0.5989,Rigaud,Rigaud_2020-08-24,August,2020,Aug-20,0.603821739
2020-08-25,0.6156,Rigaud,Rigaud_2020-08-25,August,2020,Aug-20,0.6163375
2020-08-26,0.6161,Rigaud,Rigaud_2020-08-26,August,2020,Aug-20,0.6160125
2020-08-27,0.6175,Rigaud,Rigaud_2020-08-27,August,2020,Aug-20,0.6143
2020-08-28,0.6073,Rigaud,Rigaud_2020-08-28,August,2020,Aug-20,0.602858333
2020-08-29,0.6037,Rigaud,Rigaud_2020-08-29,August,2020,Aug-20,0.6133875
2020-08-30,0.6273,Rigaud,Rigaud_2020-08-30,August,2020,Aug-20,0.640158333
2020-08-31,0.65,Rigaud,Rigaud_2020-08-31,August,2020,Aug-20,0.653866667
2020-08-01,3.3893,Saint-Lazare,Saint-Lazare_2020-08-01,August,2020,Aug-20,3.394933333
2020-08-02,3.3876,Saint-Lazare,Saint-Lazare_2020-08-02,August,2020,Aug-20,3.391320833
2020-08-03,3.3873,Saint-Lazare,Saint-Lazare_2020-08-03,August,2020,Aug-20,3.380154167
2020-08-04,3.3776,Saint-Lazare,Saint-Lazare_2020-08-04,August,2020,Aug-20,3.37653913
2020-08-05,3.3704,Saint-Lazare,Saint-Lazare_2020-08-05,August,2020,Aug-20,3.3683625
2020-08-06,3.3636,Saint-Lazare,Saint-Lazare_2020-08-06,August,2020,Aug-20,3.3640125
2020-08-07,3.3603,Saint-Lazare,Saint-Lazare_2020-08-07,August,2020,Aug-20,3.361041667
2020-08-08,3.3545,Saint-Lazare,Saint-Lazare_2020-08-08,August,2020,Aug-20,3.358225
2020-08-09,3.3512,Saint-Lazare,Saint-Lazare_2020-08-09,August,2020,Aug-20,3.350027273
2020-08-10,3.3443,Saint-Lazare,Saint-Lazare_2020-08-10,August,2020,Aug-20,3.350341667
2020-08-11,3.3443,Saint-Lazare,Saint-Lazare_2020-08-11,August,2020,Aug-20,3.3477625
2020-08-12,3.3346,Saint-Lazare,Saint-Lazare_2020-08-12,August,2020,Aug-20,3.337954167
2020-08-13,3.3307,Saint-Lazare,Saint-Lazare_2020-08-13,August,2020,Aug-20,3.333033333
2020-08-14,3.3245,Saint-Lazare,Saint-Lazare_2020-08-14,August,2020,Aug-20,3.328420833
2020-08-15,3.3241,Saint-Lazare,Saint-Lazare_2020-08-15,August,2020,Aug-20,3.325970833
2020-08-16,3.3174,Saint-Lazare,Saint-Lazare_2020-08-16,August,2020,Aug-20,3.3224
2020-08-17,3.3103,Saint-Lazare,Saint-Lazare_2020-08-17,August,2020,Aug-20,3.314091304
2020-08-18,3.3138,Saint-Lazare,Saint-Lazare_2020-08-18,August,2020,Aug-20,3.306670833
2020-08-19,3.3004,Saint-Lazare,Saint-Lazare_2020-08-19,August,2020,Aug-20,3.299516667
2020-08-20,3.2985,Saint-Lazare,Saint-Lazare_2020-08-20,August,2020,Aug-20,3.296683333
2020-08-21,3.2941,Saint-Lazare,Saint-Lazare_2020-08-21,August,2020,Aug-20,3.292375
2020-08-22,3.2883,Saint-Lazare,Saint-Lazare_2020-08-22,August,2020,Aug-20,3.288291667
2020-08-23,3.2831,Saint-Lazare,Saint-Lazare_2020-08-23,August,2020,Aug-20,3.282579167
2020-08-24,3.2779,Saint-Lazare,Saint-Lazare_2020-08-24,August,2020,Aug-20,3.280640909
2020-08-25,3.278,Saint-Lazare,Saint-Lazare_2020-08-25,August,2020,Aug-20,3.272916667
2020-08-26,3.2679,Saint-Lazare,Saint-Lazare_2020-08-26,August,2020,Aug-20,3.267033333
2020-08-27,3.2721,Saint-Lazare,Saint-Lazare_2020-08-27,August,2020,Aug-20,3.264316667
2020-08-28,3.261,Saint-Lazare,Saint-Lazare_2020-08-28,August,2020,Aug-20,3.261091667
2020-08-29,3.2626,Saint-Lazare,Saint-Lazare_2020-08-29,August,2020,Aug-20,3.263534783
2020-08-30,3.2514,Saint-Lazare,Saint-Lazare_2020-08-30,August,2020,Aug-20,3.2451375
2020-08-31,3.2397,Saint-Lazare,Saint-Lazare_2020-08-31,August,2020,Aug-20,3.242483333